[
  {
    "id": "ba48a24a-bcd0-480e-ae29-707160faf2d3",
    "data": [
      {
        "text": "addlogin",
        "userDefined": false
      }
    ],
    "isTemplate": false,
    "count": 0,
    "lang": "pt-br",
    "updated": 0
  },
  {
    "id": "b1ab02e3-c07c-4dbe-a505-a0f31ae74b58",
    "data": [
      {
        "text": "adicionar ",
        "userDefined": false
      },
      {
        "text": "um",
        "meta": "@sys.ignore",
        "userDefined": false
      },
      {
        "text": " login",
        "userDefined": false
      }
    ],
    "isTemplate": false,
    "count": 0,
    "lang": "pt-br",
    "updated": 0
  },
  {
    "id": "b5121bde-c92d-4f66-901e-cb44e9e38932",
    "data": [
      {
        "text": "adicionar login",
        "userDefined": false
      }
    ],
    "isTemplate": false,
    "count": 0,
    "lang": "pt-br",
    "updated": 0
  }
]