[
  {
    "id": "2d7caf41-1c32-4196-9718-f45663393ae5",
    "data": [
      {
        "text": "nova",
        "meta": "@sys.ignore",
        "userDefined": false
      },
      {
        "text": " sugestão",
        "userDefined": false
      }
    ],
    "isTemplate": false,
    "count": 0,
    "lang": "pt-br",
    "updated": 0
  },
  {
    "id": "9b33afc2-428e-48fd-9369-4dd2d18edb48",
    "data": [
      {
        "text": "inserir sugestão",
        "userDefined": false
      }
    ],
    "isTemplate": false,
    "count": 0,
    "lang": "pt-br",
    "updated": 0
  },
  {
    "id": "056d6bae-bea0-4197-a24d-90c2066d71c2",
    "data": [
      {
        "text": "Colocar sugestão",
        "userDefined": false
      }
    ],
    "isTemplate": false,
    "count": 0,
    "lang": "pt-br",
    "updated": 0
  },
  {
    "id": "8c53335e-a18e-4a8f-a48c-704f13a04b9f",
    "data": [
      {
        "text": "Adicionar sugestão",
        "userDefined": false
      }
    ],
    "isTemplate": false,
    "count": 0,
    "lang": "pt-br",
    "updated": 0
  }
]