[
  {
    "id": "6cd963f3-9ca5-41b9-8fac-4fc5fb3b2edd",
    "data": [
      {
        "text": "Mudar ",
        "userDefined": false
      },
      {
        "text": "Aluguel",
        "meta": "@sys.ignore",
        "userDefined": false
      }
    ],
    "isTemplate": false,
    "count": 0,
    "lang": "pt-br",
    "updated": 0
  },
  {
    "id": "89c713dc-f0c8-495d-bbd3-f7f393bd2e01",
    "data": [
      {
        "text": "Trocar ",
        "userDefined": false
      },
      {
        "text": "aluguel",
        "meta": "@sys.ignore",
        "userDefined": false
      }
    ],
    "isTemplate": false,
    "count": 0,
    "lang": "pt-br",
    "updated": 0
  },
  {
    "id": "3b0247a5-4e5c-42a1-b70c-d8de5000c371",
    "data": [
      {
        "text": "Atualizar ",
        "userDefined": false
      },
      {
        "text": "aluguel",
        "meta": "@sys.ignore",
        "userDefined": false
      }
    ],
    "isTemplate": false,
    "count": 0,
    "lang": "pt-br",
    "updated": 0
  }
]