[
  {
    "id": "4f43ee8c-5c61-4f46-8c7e-44d20972e7a9",
    "data": [
      {
        "text": "trocar senha",
        "userDefined": false
      }
    ],
    "isTemplate": false,
    "count": 0,
    "lang": "pt-br",
    "updated": 0
  },
  {
    "id": "b2e700f6-94ce-465f-a09d-8392b69a6839",
    "data": [
      {
        "text": "alterar senha",
        "userDefined": false
      }
    ],
    "isTemplate": false,
    "count": 0,
    "lang": "pt-br",
    "updated": 0
  },
  {
    "id": "6d4d5f7a-fe85-4824-a83f-483ca5a5f6cc",
    "data": [
      {
        "text": "Mudar senha",
        "userDefined": false
      }
    ],
    "isTemplate": false,
    "count": 0,
    "lang": "pt-br",
    "updated": 0
  }
]