[
  {
    "id": "657182b4-a1d3-4d29-88c6-1ea97243034d",
    "data": [
      {
        "text": "trocar sugestao",
        "userDefined": false
      }
    ],
    "isTemplate": false,
    "count": 0,
    "lang": "pt-br",
    "updated": 0
  },
  {
    "id": "2d8d5078-14b8-42ee-91f7-e6745be76ab1",
    "data": [
      {
        "text": "mudar sugestao",
        "userDefined": false
      }
    ],
    "isTemplate": false,
    "count": 0,
    "lang": "pt-br",
    "updated": 0
  },
  {
    "id": "29c069c5-af53-41b4-ace6-b9579f33c3d6",
    "data": [
      {
        "text": "atualizar sugestão",
        "userDefined": false
      }
    ],
    "isTemplate": false,
    "count": 0,
    "lang": "pt-br",
    "updated": 0
  }
]