[
  {
    "id": "0b02f029-567c-4945-aabf-f153f2493ed0",
    "data": [
      {
        "text": "apagar ",
        "userDefined": false
      },
      {
        "text": "aluguel",
        "meta": "@sys.ignore",
        "userDefined": false
      }
    ],
    "isTemplate": false,
    "count": 0,
    "lang": "pt-br",
    "updated": 0
  },
  {
    "id": "f0f9903e-0155-4eaa-926f-3591b8d98a32",
    "data": [
      {
        "text": "Deletar ",
        "userDefined": false
      },
      {
        "text": "aluguel",
        "meta": "@sys.ignore",
        "userDefined": false
      }
    ],
    "isTemplate": false,
    "count": 0,
    "lang": "pt-br",
    "updated": 0
  },
  {
    "id": "4809caf3-94a7-40c0-9963-5c7ae766107f",
    "data": [
      {
        "text": "Remover ",
        "userDefined": false
      },
      {
        "text": "aluguel",
        "meta": "@sys.ignore",
        "userDefined": false
      }
    ],
    "isTemplate": false,
    "count": 0,
    "lang": "pt-br",
    "updated": 0
  }
]