[
  {
    "id": "39699239-a9fe-4d7c-a61c-37a825c4989d",
    "data": [
      {
        "text": "deletar login",
        "userDefined": false
      }
    ],
    "isTemplate": false,
    "count": 0,
    "lang": "pt-br",
    "updated": 0
  },
  {
    "id": "dda120e4-258a-4190-bcfe-da3516244e8d",
    "data": [
      {
        "text": "apagar login",
        "userDefined": false
      }
    ],
    "isTemplate": false,
    "count": 0,
    "lang": "pt-br",
    "updated": 0
  },
  {
    "id": "06975e1f-a083-461f-a22d-7a9d404f940d",
    "data": [
      {
        "text": "Remover login",
        "userDefined": false
      }
    ],
    "isTemplate": false,
    "count": 0,
    "lang": "pt-br",
    "updated": 0
  }
]