[
  {
    "id": "9f76fa83-3612-4066-b38d-554b9981e7f7",
    "data": [
      {
        "text": "logar",
        "meta": "@sys.ignore",
        "userDefined": false
      }
    ],
    "isTemplate": false,
    "count": 0,
    "lang": "pt-br",
    "updated": 0
  },
  {
    "id": "f85cec05-d89e-498a-8b5f-31e19a4c3c81",
    "data": [
      {
        "text": "entrar",
        "userDefined": false
      }
    ],
    "isTemplate": false,
    "count": 0,
    "lang": "pt-br",
    "updated": 0
  },
  {
    "id": "996bd84c-c8fb-4ec3-be7c-f7eac85ea4de",
    "data": [
      {
        "text": "login",
        "userDefined": false
      }
    ],
    "isTemplate": false,
    "count": 0,
    "lang": "pt-br",
    "updated": 0
  },
  {
    "id": "2eaff5bd-2b48-4d2e-830d-e0bdcf9a4877",
    "data": [
      {
        "text": "boa ",
        "userDefined": false
      },
      {
        "text": "noite",
        "meta": "@sys.ignore",
        "userDefined": false
      }
    ],
    "isTemplate": false,
    "count": 0,
    "lang": "pt-br",
    "updated": 0
  },
  {
    "id": "528795f5-baed-43b1-9aa2-2dbd84e4c0c9",
    "data": [
      {
        "text": "boa ",
        "userDefined": false
      },
      {
        "text": "tarde",
        "meta": "@sys.ignore",
        "userDefined": false
      }
    ],
    "isTemplate": false,
    "count": 0,
    "lang": "pt-br",
    "updated": 0
  },
  {
    "id": "18ee1b53-4aa4-4f10-8149-f659e7c02851",
    "data": [
      {
        "text": "bom dia",
        "userDefined": false
      }
    ],
    "isTemplate": false,
    "count": 0,
    "lang": "pt-br",
    "updated": 0
  },
  {
    "id": "e31120f1-cba9-4763-b3a6-a49f29d36d62",
    "data": [
      {
        "text": "aoba",
        "meta": "@sys.ignore",
        "userDefined": false
      }
    ],
    "isTemplate": false,
    "count": 0,
    "lang": "pt-br",
    "updated": 0
  },
  {
    "id": "854397c1-d751-4b13-b718-89f245612967",
    "data": [
      {
        "text": "la",
        "meta": "@sys.ignore",
        "userDefined": false
      }
    ],
    "isTemplate": false,
    "count": 0,
    "lang": "pt-br",
    "updated": 0
  },
  {
    "id": "648b956b-f90e-4dad-8b77-d417334a6231",
    "data": [
      {
        "text": "oi",
        "meta": "@sys.ignore",
        "userDefined": false
      }
    ],
    "isTemplate": false,
    "count": 0,
    "lang": "pt-br",
    "updated": 0
  }
]