[
  {
    "id": "15d3d745-dece-45ea-a83a-94baac387142",
    "data": [
      {
        "text": "agendar",
        "userDefined": false
      }
    ],
    "isTemplate": false,
    "count": 0,
    "lang": "pt",
    "updated": 0
  },
  {
    "id": "eaa9934d-31e7-4b24-9e22-2463a78370f0",
    "data": [
      {
        "text": "negociar",
        "userDefined": false
      }
    ],
    "isTemplate": false,
    "count": 0,
    "lang": "pt",
    "updated": 0
  },
  {
    "id": "c6758082-6145-49b0-8856-6bd44d0e8b64",
    "data": [
      {
        "text": "devolução",
        "userDefined": false
      }
    ],
    "isTemplate": false,
    "count": 0,
    "lang": "pt",
    "updated": 0
  }
]