[
  {
    "id": "f5045373-f11a-44c2-9a7d-4407cce2d651",
    "data": [
      {
        "text": "alugar ",
        "userDefined": false
      },
      {
        "text": "um",
        "meta": "@sys.ignore",
        "userDefined": false
      },
      {
        "text": " livro",
        "userDefined": false
      }
    ],
    "isTemplate": false,
    "count": 0,
    "lang": "pt",
    "updated": 0
  },
  {
    "id": "adb2ab59-6908-4ecd-8e59-5f82b14124d6",
    "data": [
      {
        "text": "pegar",
        "userDefined": false
      }
    ],
    "isTemplate": false,
    "count": 0,
    "lang": "pt",
    "updated": 0
  },
  {
    "id": "083873d1-82f3-4320-8824-f15bc0e50a54",
    "data": [
      {
        "text": "emprestar",
        "userDefined": false
      }
    ],
    "isTemplate": false,
    "count": 0,
    "lang": "pt",
    "updated": 0
  },
  {
    "id": "005a1692-c521-4923-8076-2d4a2fcc61fe",
    "data": [
      {
        "text": "alugar",
        "userDefined": false
      }
    ],
    "isTemplate": false,
    "count": 0,
    "lang": "pt",
    "updated": 0
  }
]