[
  {
    "id": "263c5c80-0fbe-499c-9636-eee2f7f2ea6e",
    "data": [
      {
        "text": "aoba",
        "meta": "@sys.ignore",
        "userDefined": false
      }
    ],
    "isTemplate": false,
    "count": 0,
    "lang": "pt",
    "updated": 0
  },
  {
    "id": "196327c8-97a9-4ec7-a2b3-23134531b1fd",
    "data": [
      {
        "text": "beleza",
        "meta": "@sys.ignore",
        "userDefined": false
      }
    ],
    "isTemplate": false,
    "count": 0,
    "lang": "pt",
    "updated": 0
  },
  {
    "id": "eea4f191-2575-41f7-8dea-6f98eaf13801",
    "data": [
      {
        "text": "eai",
        "userDefined": false
      }
    ],
    "isTemplate": false,
    "count": 0,
    "lang": "pt",
    "updated": 0
  },
  {
    "id": "3895351f-6538-4132-ab28-4f0b707f6e42",
    "data": [
      {
        "text": "eae",
        "meta": "@sys.ignore",
        "userDefined": false
      }
    ],
    "isTemplate": false,
    "count": 0,
    "lang": "pt",
    "updated": 0
  },
  {
    "id": "8c6b66d8-5229-4a23-82a2-3f6e5dc789f1",
    "data": [
      {
        "text": "eaea",
        "meta": "@sys.ignore",
        "userDefined": false
      }
    ],
    "isTemplate": false,
    "count": 0,
    "lang": "pt",
    "updated": 0
  },
  {
    "id": "0515178a-8fbb-42a8-a763-4f3ea60e2dc4",
    "data": [
      {
        "text": "como vai",
        "userDefined": false
      }
    ],
    "isTemplate": false,
    "count": 0,
    "lang": "pt",
    "updated": 0
  },
  {
    "id": "9c9c4b38-00b6-472e-a2bb-871a96e0ee76",
    "data": [
      {
        "text": "boa ",
        "userDefined": false
      },
      {
        "text": "noite",
        "meta": "@sys.ignore",
        "userDefined": false
      }
    ],
    "isTemplate": false,
    "count": 0,
    "lang": "pt",
    "updated": 0
  },
  {
    "id": "dcafbb53-2479-4ca6-b995-48f6e01af3c2",
    "data": [
      {
        "text": "boa ",
        "userDefined": false
      },
      {
        "text": "tarde",
        "meta": "@sys.ignore",
        "userDefined": false
      }
    ],
    "isTemplate": false,
    "count": 0,
    "lang": "pt",
    "updated": 0
  },
  {
    "id": "5278d597-6c8e-4d8a-b1df-52b6ba9606bb",
    "data": [
      {
        "text": "bom dia",
        "userDefined": false
      }
    ],
    "isTemplate": false,
    "count": 0,
    "lang": "pt",
    "updated": 0
  },
  {
    "id": "84a13c74-dcfc-4d0e-a517-1cf7d821ffc4",
    "data": [
      {
        "text": "ola",
        "meta": "@sys.ignore",
        "userDefined": false
      }
    ],
    "isTemplate": false,
    "count": 0,
    "lang": "pt",
    "updated": 0
  },
  {
    "id": "6cefdd84-2ce8-42fe-a4f2-069bfdaa8029",
    "data": [
      {
        "text": "oi",
        "meta": "@sys.ignore",
        "userDefined": false
      }
    ],
    "isTemplate": false,
    "count": 0,
    "lang": "pt",
    "updated": 0
  }
]