[
  {
    "id": "fce064a7-557a-45d8-aff6-09edb9818821",
    "data": [
      {
        "text": "quero ",
        "userDefined": false
      },
      {
        "text": "uma",
        "meta": "@sys.ignore",
        "userDefined": false
      },
      {
        "text": " sugestão",
        "userDefined": false
      }
    ],
    "isTemplate": false,
    "count": 0,
    "lang": "pt",
    "updated": 0
  },
  {
    "id": "eebeb2c2-5c54-4f9f-a0c6-a541c9a9f6bd",
    "data": [
      {
        "text": "um",
        "meta": "@sys.ignore",
        "userDefined": false
      },
      {
        "text": " bom livro",
        "userDefined": false
      }
    ],
    "isTemplate": false,
    "count": 0,
    "lang": "pt",
    "updated": 0
  },
  {
    "id": "f3b877af-b70a-429d-9b36-64944aab9846",
    "data": [
      {
        "text": "qual livro devo ler",
        "userDefined": false
      }
    ],
    "isTemplate": false,
    "count": 0,
    "lang": "pt",
    "updated": 0
  },
  {
    "id": "80f397c1-dbde-4cf5-86e3-1e1a26a5c610",
    "data": [
      {
        "text": "sugestoes",
        "userDefined": false
      }
    ],
    "isTemplate": false,
    "count": 0,
    "lang": "pt",
    "updated": 0
  },
  {
    "id": "3508d5dc-85b1-4fea-84e3-b5a9cd586bc1",
    "data": [
      {
        "text": "Sugestões",
        "userDefined": false
      }
    ],
    "isTemplate": false,
    "count": 0,
    "lang": "pt",
    "updated": 0
  }
]